{
  "Low": {
    "precision": 0.0,
    "recall": 0.0,
    "f1-score": 0.0,
    "support": 40.0
  },
  "Medium": {
    "precision": 0.7685290763968073,
    "recall": 1.0,
    "f1-score": 0.869116698903933,
    "support": 674.0
  },
  "High": {
    "precision": 0.5,
    "recall": 0.006060606060606061,
    "f1-score": 0.011976047904191617,
    "support": 165.0
  },
  "accuracy": 0.7679180887372014,
  "macro avg": {
    "precision": 0.42284302546560243,
    "recall": 0.33535353535353535,
    "f1-score": 0.29369758226937487,
    "support": 879.0
  },
  "weighted avg": {
    "precision": 0.6831497127320229,
    "recall": 0.7679180887372014,
    "f1-score": 0.6686697417126762,
    "support": 879.0
  }
}